{
  "node_list": [
    {
      "node_id": "node_0",
      "node_info": {
        "ip": "localhost"
      }
    },
    {
      "node_id": "node_1",
      "node_info": {
        "attr_1": "value_1",
        "attr_2": "value_2"
      }
    },
    {
      "node_id": "node_49",
      "node_info": {
        "attr_1": "value_1",
        "attr_2": "value_2"
      }
    }
  ],
  "rounds": [
    {
      "round": 1,
      "selected_nodes": ["node_3", "node_8", "node_17", "node_22", "node_31"]
    },
    {
      "round": 2,
      "selected_nodes": ["node_1", "node_11", "node_16", "node_25", "node_39"]
    },
  
    {
      "round": 100,
      "selected_nodes": ["node_4", "node_12", "node_18", "node_27", "node_43"]
    }
  ]
}