{
  "node_list": [
    {
      "node_id": 0,
      "node_info": {
        "ip": "localhost",
        "port": 3111
      }
    },
    {
      "node_id": 1,
      "node_info": {
        "ip": "localhost",
        "port": 3201
      }
    },
    {
      "node_id": 2,
      "node_info": {
        "ip": "localhost",
        "port": 3111
      }
    },
    {
      "node_id": 3,
      "node_info": {
        "ip": "localhost",
        "port": 3203
      }
    },
    {
      "node_id": 4,
      "node_info": {
        "ip": "localhost",
        "port": 3204
      }
    },
    {
      "node_id": 5,
      "node_info": {
        "ip": "localhost",
        "port": 3205
      }
    },
    {
      "node_id": 6,
      "node_info": {
        "ip": "localhost",
        "port": 3206
      }
    },
    {
      "node_id": 7,
      "node_info": {
        "ip": "localhost",
        "port": 3207
      }
    },
    {
      "node_id": 8,
      "node_info": {
        "ip": "localhost",
        "port": 3208
      }
    },
    {
      "node_id": 9,
      "node_info": {
        "ip": "localhost",
        "port": 3209
      }
    },
    {
      "node_id": 10,
      "node_info": {
        "ip": "localhost",
        "port": 3210
      }
    },
    {
      "node_id": 11,
      "node_info": {
        "ip": "localhost",
        "port": 3211
      }
    },
    {
      "node_id": 12,
      "node_info": {
        "ip": "localhost",
        "port": 3212
      }
    },
    {
      "node_id": 13,
      "node_info": {
        "ip": "localhost",
        "port": 3213
      }
    },
    {
      "node_id": 14,
      "node_info": {
        "ip": "localhost",
        "port": 3214
      }
    },
    {
      "node_id": 15,
      "node_info": {
        "ip": "localhost",
        "port": 3215
      }
    },
    {
      "node_id": 16,
      "node_info": {
        "ip": "localhost",
        "port": 3216
      }
    },
    {
      "node_id": 17,
      "node_info": {
        "ip": "localhost",
        "port": 3217
      }
    },
    {
      "node_id": 18,
      "node_info": {
        "ip": "localhost",
        "port": 3218
      }
    },
    {
      "node_id": 19,
      "node_info": {
        "ip": "localhost",
        "port": 3219
      }
    },
    {
      "node_id": 20,
      "node_info": {
        "ip": "localhost",
        "port": 3220
      }
    },
    {
      "node_id": 21,
      "node_info": {
        "ip": "localhost",
        "port": 3221
      }
    },
    {
      "node_id": 22,
      "node_info": {
        "ip": "localhost",
        "port": 3222
      }
    },
    {
      "node_id": 23,
      "node_info": {
        "ip": "localhost",
        "port": 3223
      }
    },
    {
      "node_id": 24,
      "node_info": {
        "ip": "localhost",
        "port": 3224
      }
    }
  ],

  "rounds": [
    {
      "round": 1,
      "server": 22,
      "client": [9, 2, 15, 11, 8]
    },
    {
      "round": 2,
      "server": 10,
      "client": [13, 21, 1, 20, 7]
    },
    {
      "round": 3,
      "server": 17,
      "client": [16, 20, 23, 3, 12]
    },
    {
      "round": 4,
      "server": 14,
      "client": [23, 15, 21, 0, 6]
    },
    {
      "round": 5,
      "server": 20,
      "client": [2, 6, 7, 22, 10]
    },
    {
      "round": 6,
      "server": 4,
      "client": [18, 8, 16, 7, 20]
    },
    {
      "round": 7,
      "server": 19,
      "client": [11, 14, 22, 4, 8]
    },
    {
      "round": 8,
      "server": 5,
      "client": [13, 22, 3, 7, 18]
    },
    {
      "round": 9,
      "server": 23,
      "client": [16, 10, 19, 14, 7]
    },
    {
      "round": 10,
      "server": 2,
      "client": [17, 0, 23, 6, 16]
    },
    {
      "round": 11,
      "server": 9,
      "client": [6, 18, 5, 20, 21]
    },
    {
      "round": 12,
      "server": 1,
      "client": [15, 22, 4, 13, 19]
    },
    {
      "round": 13,
      "server": 12,
      "client": [17, 0, 4, 14, 19]
    },
    {
      "round": 14,
      "server": 8,
      "client": [10, 12, 22, 1, 14]
    },
    {
      "round": 15,
      "server": 21,
      "client": [3, 13, 9, 12, 15]
    },
    {
      "round": 16,
      "server": 13,
      "client": [5, 7, 21, 3, 0]
    }
  ]
}
