[
  {
    "round": 1,
    "training_time": 120.5,
    "model_size": 214017,
    "local_model": "/path/to/node1_model_round1.pt",
    "upload_latency": 1.5
  },

  {
    "round": 2,
    "training_time": 131.5,
    "model_size": 214022,
    "local_model": "/path/to/node2_model_round2.pt",
    "upload_latency": 1.5
  },
  {
    "round": 3,
    "training_time": 141.5,
    "model_size": 224022,
    "local_model": "/path/to/node2_model_round2.pt",
    "upload_latency": 1.5
  },
  {
    "round": 4,
    "training_time": 141.5,
    "model_size": 224022,
    "local_model": "/path/to/node2_model_round2.pt",
    "upload_latency": 1.5
  },
  {
    "round": 5,
    "training_time": 141.5,
    "model_size": 223022,
    "local_model": "/path/to/node2_model_round2.pt",
    "upload_latency": 1.7
  }
]
